Audience Network HD,Audience Network HD,239
AXSTV HD,AXSTV HD,340
Azteca America,Azteca America,441
BabyFirstTV*,BabyFirstTV*,293
beIN SPORT en Español HD,beIN SPORT en Español HD,426
BYU TV,BYU TV,374
Caracol TV,Caracol TV,417
Christian Television Network (CTN),Christian Television Network (CTN),376
Church Channel,Church Channel,371
Cine Estelar,Cine Estelar,422
Cine Nostalgia,Cine Nostalgia,424
CNN en Español,CNN en Español,419
CSPAN 1,CSPAN 1,350
CSPAN 2,CSPAN 2,351
Daystar,Daystar,369
Discovery en Español,Discovery en Español,413
Discovery Familia,Discovery Familia,436
Disney Channel (East),Disney Channel (East),290
Disney Channel (West),Disney Channel (West),291
Disney XD HD,Disney XD HD,292
Disney XD HD,Disney XD HD,292
Ecuador TV,Ecuador TV,457
Ecuavisa Internacional,Ecuavisa Internacional,438
Enlace Christian Television*,Enlace Christian Television*,448
ESPN Deportes HD,ESPN Deportes HD,432
EWTN,EWTN,370
FOX Deportes,FOX Deportes,425
Free Speech TV*,Free Speech TV*,348
Galavision HD,Galavision HD,404
GEM NET (Global Expansion Media Network)*,GEM NET (Global Expansion Media Network)*,2068
GOD TV,GOD TV,365
Golden Eagle Broadcasting*,Golden Eagle Broadcasting*,363
GolTV,GolTV,456
History en espanol -Elnus,History en espanol -Elnus,443
HITN-TV*,HITN-TV*,449
Home Shopping Network,Home Shopping Network,240
Hope*,Hope*,368
Jewelry Television,Jewelry Television,313
Jewish Life Television*,Jewish Life Television*,366
Latinoamerica TV,Latinoamerica TV,430
LinkTV,LinkTV,375
Mexico TV,Mexico TV,420
MHz WORLDVIEW*,MHz WORLDVIEW*,2183
mun2,mun2,410
NASA TV,NASA TV,346
Nat Geo Mundo,Nat Geo Mundo,435
Nick Jr.,Nick Jr.,301
Nickelodeon (East) HD,Nickelodeon (East) HD,299
Nickelodeon (West),Nickelodeon (West),300
NRB,NRB,378
NTN24,NTN24,418
ONCE México*,ONCE México*,447
Pasiones,Pasiones,444
PBS,PBS,0
QVC HD,QVC HD,275
Regional Music TV,Regional Music TV,415
ShopNBC,ShopNBC,316
Sur Peru,Sur Peru,439
TCT Network,TCT Network,377
Teléfe Internacional,Teléfe Internacional,411
TeleFutura (Oeste) HD,TeleFutura (Oeste) HD,408
Telemundo (Este),Telemundo (Este),406
Telemundo (Oeste),Telemundo (Oeste),407
Television Dominicana,Television Dominicana,434
Television Española (TVE) Internacional,Television Española (TVE) Internacional,460
The Word Network,The Word Network,373
TR3S,TR3S,445
Trinity Broadcasting Network (TBN),Trinity Broadcasting Network (TBN),372
TV Chile,TV Chile,437
TV Colombia,TV Colombia,416
TV Venezuela,TV Venezuela,409
Univision (Este) HD,Univision (Este) HD,402
Univision (Oeste),Univision (Oeste),403
Univision Deportes HD,Univision Deportes HD,455
UP,UP,338
Utilisima,Utilisima,421
V-me*,V-me*,440
Velocity HD,Velocity HD,281
WAPA America,WAPA America,414
Weather Channel HD,Weather Channel HD,362
World Harvest Television,World Harvest Television,367